shoulder_pan_joint,shoulder_lift_joint,elbow_joint,wrist_1_joint,wrist_2_joint,wrist_3_joint
0.0,-1.2,-1.2,0.0,0.0,0.0
0.012586426237189812,-1.1874147278219835,-1.2,0.0,0.0,0.0
0.025167313203672277,-1.1748419172889557,-1.2,0.0,0.0,0.0
0.03773712406656626,-1.1622940177066732,-1.2,0.0,0.0,0.0
0.05029032686757021,-1.1497834537146459,-1.2,0.0,0.0,0.0
0.06282139695757019,-1.1373226129835472,-1.2,0.0,0.0,0.0
0.07532481942803115,-1.1249238339492296,-1.2,0.0,0.0,0.0
0.08779509153810137,-1.1125993935954903,-1.2,0.0,0.0,0.0
0.100226725136362,-1.100361495297688,-1.2,0.0,0.0,0.0
0.1126142490761557,-1.0882222567392412,-1.2,0.0,0.0,0.0
0.12495221162343159,-1.0761936979129807,-1.2,0.0,0.0,0.0
0.13723518285604672,-1.0642877292192297,-1.2,0.0,0.0,0.0
0.14945775705346798,-1.0525161396724017,-1.2,0.0,0.0,0.0
0.1616145550758232,-1.0408905852277923,-1.2,0.0,0.0,0.0
0.1737002267312541,-1.0294225772401209,-1.2,0.0,0.0,0.0
0.1857094531305288,-1.0181234710652554,-1.2,0.0,0.0,0.0
0.1976369490278788,-1.0070044548163999,-1.2,0.0,0.0,0.0
0.20947746514702892,-0.9960765382858866,-1.2,0.0,0.0,0.0
0.22122579049139732,-0.9853505420435323,-1.2,0.0,0.0,0.0
0.2328767546374489,-0.9748370867223621,-1.2,0.0,0.0,0.0
0.24442523001019206,-0.964546582502304,-1.2,0.0,0.0,0.0
0.2558661341398184,-0.95448921880227,-1.2,0.0,0.0,0.0
0.2671944318984913,-0.9446749541908299,-1.2,0.0,0.0,0.0
0.2784051377162994,-0.9351135065254669,-1.2,0.0,0.0,0.0
0.28949331777539994,-0.9258143433301801,-1.2,0.0,0.0,0.0
0.300454092181386,-0.9167866724209623,-1.2,0.0,0.0,0.0
0.3112826371109218,-0.9080394327884331,-1.2,0.0,0.0,0.0
0.32197418693470137,-0.8995812857466579,-1.2,0.0,0.0,0.0
0.3325240363147967,-0.8914206063569149,-1.2,0.0,0.0,0.0
0.34292754227547034,-0.8835654751349042,-1.2,0.0,0.0,0.0
0.353180126246544,-0.8760236700496076,-1.2,0.0,0.0,0.0
0.3632772760784213,-0.8688026588217239,-1.2,0.0,0.0,0.0
0.3732145480278795,-0.8619095915293056,-1.2,0.0,0.0,0.0
0.38298756871375506,-0.8553512935279164,-1.2,0.0,0.0,0.0
0.3925920370416636,-0.8491342586923223,-1.2,0.0,0.0,0.0
0.4020237260969063,-0.843264642986408,-1.2,0.0,0.0,0.0
0.4112784850047297,-0.8377482583676832,-1.2,0.0,0.0,0.0
0.4203522407571206,-0.8325905670324171,-1.2,0.0,0.0,0.0
0.4292410000053318,-0.8277966760070985,-1.2,0.0,0.0,0.0
0.43794085081735024,-0.8233713320915763,-1.2,0.0,0.0,0.0
0.4464479643995332,-0.8193189171588882,-1.2,0.0,0.0,0.0
0.45475859678165576,-0.8156434438164313,-1.2,0.0,0.0,0.0
0.46286909046462754,-0.8123485514327717,-1.2,0.0,0.0,0.0
0.47077587603015353,-0.8094375025340255,-1.2,0.0,0.0,0.0
0.4784754737116306,-0.8069131795733817,-1.2,0.0,0.0,0.0
0.48596449492558863,-0.8047780820769629,-1.2,0.0,0.0,0.0
0.4932396437630018,-0.8030343241688533,-1.2,0.0,0.0,0.0
0.5002977184398143,-0.8016836324777417,-1.2,0.0,0.0,0.0
0.5071356127060415,-0.8007273444272535,-1.2,0.0,0.0,0.0
0.5137503172128263,-0.800166406911665,-1.2,0.0,0.0,0.0
0.5201389208368504,-0.8000013753583106,-1.2,0.0,0.0,0.0
0.5262986119615164,-0.8002324131776121,-1.2,0.0,0.0,0.0
0.5322266797143356,-0.8008592916012722,-1.2,0.0,0.0,0.0
0.5379205151599808,-0.8018813899087966,-1.2,0.0,0.0,0.0
0.5433776124484752,-0.8032976960421171,-1.2,0.0,0.0,0.0
0.5485955699180133,-0.8051068076077073,-1.2,0.0,0.0,0.0
0.5535720911519305,-0.8073069332652005,-1.2,0.0,0.0,0.0
0.5583049859893521,-0.8098958945011341,-1.2,0.0,0.0,0.0
0.5627921714890808,-0.8128711277860622,-1.2,0.0,0.0,0.0
0.5670316728462971,-0.8162296871129036,-1.2,0.0,0.0,0.0
0.5710216242616676,-0.8199682469140097,-1.2,0.0,0.0,0.0
0.5747602697624813,-0.8240831053540645,-1.2,0.0,0.0,0.0
0.5782459639754517,-0.8285701879955559,-1.2,0.0,0.0,0.0
0.5814771728508423,-0.8334250518331903,-1.2,0.0,0.0,0.0
0.5844524743376013,-0.8386428896932523,-1.2,0.0,0.0,0.0
0.5871705590092033,-0.8442185349935575,-1.2,0.0,0.0,0.0
0.5896302306399274,-0.8501464668592824,-1.2,0.0,0.0,0.0
0.5918304067313139,-0.8564208155896066,-1.2,0.0,0.0,0.0
0.593770118988571,-0.8630353684697547,-1.2,0.0,0.0,0.0
0.5954485137467198,-0.8699835759226825,-1.2,0.0,0.0,0.0
0.5968648523462915,-0.8772585579943167,-1.2,0.0,0.0,0.0
0.5980185114584102,-0.8848531111659259,-1.2,0.0,0.0,0.0
0.5989089833591197,-0.8927597154868775,-1.2,0.0,0.0,0.0
0.5995358761528314,-0.9009705420207197,-1.2,0.0,0.0,0.0
0.5998989139447981,-0.9094774605972122,-1.2,0.0,0.0,0.0
0.5999979369625339,-0.9182720478626323,-1.2,0.0,0.0,0.0
0.5998329016261303,-0.9273455956203855,-1.2,0.0,0.0,0.0
0.5994038805674362,-0.9366891194536594,-1.2,0.0,0.0,0.0
0.5987110625980916,-0.9462933676215854,-1.2,0.0,0.0,0.0
0.597754752626433,-0.9561488302200977,-1.2,0.0,0.0,0.0
0.5965353715233026,-0.9662457485984206,-1.2,0.0,0.0,0.0
0.5950534559368242,-0.9765741250218584,-1.2,0.0,0.0,0.0
0.593309658056225,-0.9871237325713205,-1.2,0.0,0.0,0.0
0.5913047453248076,-0.9978841252697798,-1.2,0.0,0.0,0.0
0.5890396001021991,-1.008844648425637,-1.2,0.0,0.0,0.0
0.5865152192760265,-1.0199944491827504,-1.2,0.0,0.0,0.0
0.5837327138231864,-1.0313224872666809,-1.2,0.0,0.0,0.0
0.5806933083209066,-1.0428175459165177,-1.2,0.0,0.0,0.0
0.5773983404078106,-1.0544682429914543,-1.2,0.0,0.0,0.0
0.5738492601952246,-1.066263042241121,-1.2,0.0,0.0,0.0
0.5700476296289854,-1.0781902647285122,-1.2,0.0,0.0,0.0
0.5659951218020294,-1.0902381003941999,-1.2,0.0,0.0,0.0
0.5616935202180674,-1.102394619750381,-1.2,0.0,0.0,0.0
0.5571447180066659,-1.11464778569318,-1.2,0.0,0.0,0.0
0.552350717090084,-1.1269854654215086,-1.2,0.0,0.0,0.0
0.547313627302229,-1.1393954424506871,-1.2,0.0,0.0,0.0
0.5420356654601214,-1.151865428708923,-1.2,0.0,0.0,0.0
0.536519154388277,-1.1643830767046741,-1.2,0.0,0.0,0.0
0.5307665218964337,-1.1769359917528512,-1.2,0.0,0.0,0.0
0.5247802997110763,-1.1895117442477459,-1.2,0.0,0.0,0.0
0.5185631223612264,-1.2020978819705392,-1.2,0.0,0.0,0.0
0.5121177260189892,-1.2146819424192004,-1.2,0.0,0.0,0.0
0.5054469472953679,-1.2272514651485666,-1.2,0.0,0.0,0.0
0.4985537219918748,-1.2397940041083886,-1.2,0.0,0.0,0.0
0.4914410838084881,-1.2522971399671203,-1.2,0.0,0.0,0.0
0.4841121630085248,-1.264748492409254,-1.2,0.0,0.0,0.0
0.47657018504101517,-1.2771357323940216,-1.2,0.0,0.0,0.0
0.4688184691211872,-1.2894465943633244,-1.2,0.0,0.0,0.0
0.46086042676968364,-1.3016688883868066,-1.2,0.0,0.0,0.0
0.45269956031115594,-1.3137905122320401,-1.2,0.0,0.0,0.0
0.4443394613328957,-1.3257994633478754,-1.2,0.0,0.0,0.0
0.43578380910418163,-1.3376838507490896,-1.2,0.0,0.0,0.0
0.4270363689570372,-1.3494319067905651,-1.2,0.0,0.0,0.0
0.418100990629113,-1.361031998819339,-1.2,0.0,0.0,0.0
0.4089816065694217,-1.372472640692985,-1.2,0.0,0.0,0.0
0.39968223020767235,-1.3837425041529285,-1.2,0.0,0.0,0.0
0.3902069541879648,-1.3948304300414236,-1.2,0.0,0.0,0.0
0.3805599485676218,-1.4057254393510936,-1.2,0.0,0.0,0.0
0.3707454589819527,-1.4164167440960886,-1.2,0.0,0.0,0.0
0.3607678047757535,-1.4268937579941012,-1.2,0.0,0.0,0.0
0.3506313771023691,-1.4371461069486562,-1.2,0.0,0.0,0.0
0.340340636991152,-1.4471636393213017,-1.2,0.0,0.0,0.0
0.3299001133841691,-1.4569364359835257,-1.2,0.0,0.0,0.0
0.3193144011430192,-1.466454820138448,-1.2,0.0,0.0,0.0
0.30858815902664066,-1.4757093669025596,-1.2,0.0,0.0,0.0
0.29772610764099683,-1.4846909126380248,-1.2,0.0,0.0,0.0
0.2867330273615441,-1.4933905640263023,-1.2,0.0,0.0,0.0
0.2756137562293932,-1.5017997068741038,-1.2,0.0,0.0,0.0
0.2643731878220941,-1.5099100146429691,-1.2,0.0,0.0,0.0
0.2530162690999786,-1.51771345669401,-1.2,0.0,0.0,0.0
0.2415479982290086,-1.525202306239665,-1.2,0.0,0.0,0.0
0.2299734223810901,-1.5323691479945831,-1.2,0.0,0.0,0.0
0.21829763551281825,-1.5392068855180703,-1.2,0.0,0.0,0.0
0.20652577612363465,-1.5457087482408176,-1.2,0.0,0.0,0.0
0.19466302499437835,-1.5518682981689649,-1.2,0.0,0.0,0.0
0.1827146029072318,-1.5576794362588513,-1.2,0.0,0.0,0.0
0.17068576834806048,-1.563136408456148,-1.2,0.0,0.0,0.0
0.15858181519216014,-1.5682338113933894,-1.2,0.0,0.0,0.0
0.14640807037442827,-1.5729665977402614,-1.2,0.0,0.0,0.0
0.1341698915449872,-1.5773300812013529,-1.2,0.0,0.0,0.0
0.12187266471128809,-1.581319941156415,-1.2,0.0,0.0,0.0
0.10952180186773704,-1.5849322269385404,-1.2,0.0,0.0,0.0
0.0971227386138813,-1.5881633617460216,-1.2,0.0,0.0,0.0
0.0846809317622097,-1.5910101461840176,-1.2,0.0,0.0,0.0
0.07220185693661588,-1.59346976143252,-1.2,0.0,0.0,0.0
0.059691006162582966,-1.5955397720374833,-1.2,0.0,0.0,0.0
0.04715388545014993,-1.597218128322356,-1.2,0.0,0.0,0.0
0.03459601237072306,-1.598503168417622,-1.2,0.0,0.0,0.0
0.022022913628800603,-1.599393619906345,-1.2,0.0,0.0,0.0
0.00944012262967538,-1.599888601084087,-1.2,0.0,0.0,0.0
-0.003146822955809064,-1.5999876218319513,-1.2,0.0,0.0,0.0
-0.01573238362838083,-1.5996905841018876,-1.2,0.0,0.0,0.0
-0.028311020498266493,-1.5989977820137753,-1.2,0.0,0.0,0.0
-0.04087719772284967,-1.5979099015641944,-1.2,0.0,0.0,0.0
-0.05342538494298857,-1.5964280199471663,-1.2,0.0,0.0,0.0
-0.06595005971692046,-1.5945536044875426,-1.2,0.0,0.0,0.0
-0.07844570995068051,-1.592288511188093,-1.2,0.0,0.0,0.0
-0.09090683632396909,-1.5896349828917342,-1.2,0.0,0.0,0.0
-0.10332795471039488,-1.5865956470607199,-1.2,0.0,0.0,0.0
-0.1157035985910323,-1.5831735131749876,-1.2,0.0,0.0,0.0
-0.1280283214602299,-1.5793719697522413,-1.2,0.0,0.0,0.0
-0.14029669922261076,-1.5751947809927205,-1.2,0.0,0.0,0.0
-0.15250333258021032,-1.5706460830519755,-1.2,0.0,0.0,0.0
-0.16464284940869997,-1.5657303799453424,-1.2,0.0,0.0,0.0
-0.17670990712165377,-1.560452539088171,-1.2,0.0,0.0,0.0
-0.1886991950218131,-1.5548177864762238,-1.2,0.0,0.0,0.0
-0.2006054366383183,-1.5488317015110153,-1.2,0.0,0.0,0.0
-0.21242339204887717,-1.5425002114752178,-1.2,0.0,0.0,0.0
-0.2241478601858479,-1.5358295856636035,-1.2,0.0,0.0,0.0
-0.235773681125223,-1.5288264291753348,-1.2,0.0,0.0,0.0
-0.24729573835750557,-1.5214976763737467,-1.2,0.0,0.0,0.0
-0.2587089610394777,-1.5138505840201024,-1.2,0.0,0.0,0.0
-0.2700083262258742,-1.505892724088115,-1.2,0.0,0.0,0.0
-0.2811888610799731,-1.4976319762663555,-1.2,0.0,0.0,0.0
-0.29224564506213574,-1.489076520155967,-1.2,0.0,0.0,0.0
-0.30317381209532995,-1.4802348271714139,-1.2,0.0,0.0,0.0
-0.31396855270668467,-1.4711156521522826,-1.2,0.0,0.0,0.0
-0.32462511614413314,-1.4617280246944424,-1.2,0.0,0.0,0.0
-0.3351388124672122,-1.4520812402091503,-1.2,0.0,0.0,0.0
-0.3455050146111008,-1.4421848507189476,-1.2,0.0,0.0,0.0
-0.3557191604229844,-1.4320486553994702,-1.2,0.0,0.0,0.0
-0.3657767546698534,-1.4216826908765312,-1.2,0.0,0.0,0.0
-0.37567337101684906,-1.4110972212880868,-1.2,0.0,0.0,0.0
-0.38540465397528867,-1.4003027281209242,-1.2,0.0,0.0,0.0
-0.39496632081951044,-1.3893098998321367,-1.2,0.0,0.0,0.0
-0.404354163471696,-1.3781296212656609,-1.2,0.0,0.0,0.0
-0.4135640503538396,-1.3667729628743563,-1.2,0.0,0.0,0.0
-0.42259192820605135,-1.3552511697582992,-1.2,0.0,0.0,0.0
-0.43143382387039175,-1.3435756505301455,-1.2,0.0,0.0,0.0
-0.4400858460394533,-1.3317579660185859,-1.2,0.0,0.0,0.0
-0.44854418696892007,-1.3198098178210822,-1.2,0.0,0.0,0.0
-0.456805124153352,-1.3077430367172151,-1.2,0.0,0.0,0.0
-0.46486502196445356,-1.295569570954123,-1.2,0.0,0.0,0.0
-0.47272033325111107,-1.2833014744156208,-1.2,0.0,0.0,0.0
-0.480367600900488,-1.270950894686726,-1.2,0.0,0.0,0.0
-0.48780345935949726,-1.2585300610254009,-1.2,0.0,0.0,0.0
-0.495024636115976,-1.2460512722534232,-1.2,0.0,0.0,0.0
-0.5020279531389149,-1.23352688457838,-1.2,0.0,0.0,0.0
-0.5088103282771052,-1.2209692993588355,-1.2,0.0,0.0,0.0
-0.5153687766155899,-1.2083909508247932,-1.2,0.0,0.0,0.0
-0.5217004117893216,-1.1958042937656101,-1.2,0.0,0.0,0.0
-0.527802447253447,-1.183221791197552,-1.2,0.0,0.0,0.0
-0.5336721975096634,-1.170655902023204,-1.2,0.0,0.0,0.0
-0.539307079288102,-1.1581190686949534,-1.2,0.0,0.0,0.0
-0.5447046126842222,-1.1456237048947617,-1.2,0.0,0.0,0.0
-0.5498624222502144,-1.1331821832424251,-1.2,0.0,0.0,0.0
-0.5547782380404322,-1.1208068230444914,-1.2,0.0,0.0,0.0
-0.5594498966103921,-1.1085098780959688,-1.2,0.0,0.0,0.0
-0.5638753419689032,-1.0963035245469022,-1.2,0.0,0.0,0.0
-0.5680526264829057,-1.0841998488458306,-1.2,0.0,0.0,0.0
-0.5719799117346225,-1.0722108357720674,-1.2,0.0,0.0,0.0
-0.5756554693306444,-1.0603483565686476,-1.2,0.0,0.0,0.0
-0.5790776816625939,-1.0486241571876989,-1.2,0.0,0.0,0.0
-0.5822450426190324,-1.037049846659872,-1.2,0.0,0.0,0.0
-0.5851561582482987,-1.0256368855993476,-1.2,0.0,0.0,0.0
-0.5878097473719843,-1.0143965748558006,-1.2,0.0,0.0,0.0
-0.5902046421487798,-1.0033400443245617,-1.2,0.0,0.0,0.0
-0.592339788588439,-0.9924782419260524,-1.2,0.0,0.0,0.0
-0.59421424701564,-0.9818219227654076,-1.2,0.0,0.0,0.0
-0.5958271924835342,-0.9713816384830197,-1.2,0.0,0.0,0.0
-0.5971779151368048,-0.9611677268065498,-1.2,0.0,0.0,0.0
-0.5982658205240735,-0.951190301314747,-1.2,0.0,0.0,0.0
-0.5990904298595173,-0.941459241423219,-1.2,0.0,0.0,0.0
-0.5996513802335817,-0.9319841826020625,-1.2,0.0,0.0,0.0
-0.5999484247726972,-0.9227745068350446,-1.2,0.0,0.0,0.0
-0.5999814327479271,-0.913839333329779,-1.2,0.0,0.0,0.0
-0.5997503896325025,-0.9051875094880986,-1.2,0.0,0.0,0.0
-0.5992553971082141,-0.896827602145563,-1.2,0.0,0.0,0.0
-0.598496673020663,-0.8887678890887759,-1.2,0.0,0.0,0.0
-0.5974745512833873,-0.881016350858913,-1.2,0.0,0.0,0.0
-0.5961894817309062,-0.8735806628495753,-1.2,0.0,0.0,0.0
-0.5946420299207495,-0.8664681877067906,-1.2,0.0,0.0,0.0
-0.5928328768845557,-0.8596859680386943,-1.2,0.0,0.0,0.0
-0.5907628188283507,-0.8532407194420999,-1.2,0.0,0.0,0.0
-0.5884327667821393,-0.8471388238528714,-1.2,0.0,0.0,0.0
-0.5858437461989616,-0.8413863232266794,-1.2,0.0,0.0,0.0
-0.5829968965035919,-0.8359889135563938,-1.2,0.0,0.0,0.0
-0.5798934705910799,-0.8309519392320462,-1.2,0.0,0.0,0.0
-0.5765348342753529,-0.8262803877489374,-1.2,0.0,0.0,0.0
-0.5729224656881228,-0.8219788847691352,-1.2,0.0,0.0,0.0
-0.5690579546283621,-0.8180516895412515,-1.2,0.0,0.0,0.0
-0.5649430018626354,-0.8145026906830322,-1.2,0.0,0.0,0.0
-0.5605794183765939,-0.8113354023309387,-1.2,0.0,0.0,0.0
-0.5559691245779633,-0.8085529606605311,-1.2,0.0,0.0,0.0
-0.5511141494513744,-0.8061581207810995,-1.2,0.0,0.0,0.0
-0.5460166296654092,-0.8041532540076193,-1.2,0.0,0.0,0.0
-0.5406788086322565,-0.8025403455127291,-1.2,0.0,0.0,0.0
-0.535103035520388,-0.8013209923610598,-1.2,0.0,0.0,0.0
-0.5292917642206928,-0.8004964019278573,-1.2,0.0,0.0,0.0
-0.5232475522665226,-0.8000673907034679,-1.2,0.0,0.0,0.0
-0.5169730597081253,-0.8000343834848684,-1.2,0.0,0.0,0.0
-0.510471047941959,-0.8003974129550424,-1.2,0.0,0.0,0.0
-0.503744378495405,-0.8011561196506176,-1.2,0.0,0.0,0.0
-0.49679601176741406,-0.8023097523177982,-1.2,0.0,0.0,0.0
-0.48962900572563756,-0.8038571686562399,-1.2,0.0,0.0,0.0
-0.48224651456062007,-0.8057968364501282,-1.2,0.0,0.0,0.0
-0.47465178729764373,-0.8081268350853437,-1.2,0.0,0.0,0.0
-0.46684816636683657,-0.810844857451209,-1.2,0.0,0.0,0.0
-0.45883908613217267,-0.8139482122249373,-1.2,0.0,0.0,0.0
-0.4506280713800134,-0.8174338265365169,-1.2,0.0,0.0,0.0
-0.44221873576785253,-0.821298249011396,-1.2,0.0,0.0,0.0
-0.4336147802339507,-0.825537653187955,-1.2,0.0,0.0,0.0
-0.42481999136855675,-0.8301478413063783,-1.2,0.0,0.0,0.0
-0.4158382397474337,-0.8351242484651805,-1.2,0.0,0.0,0.0
-0.40667347822842337,-0.8404619471412653,-1.2,0.0,0.0,0.0
-0.39732974021179956,-0.8461556520690443,-1.2,0.0,0.0,0.0
-0.3878111378651716,-0.8521997254737856,-1.2,0.0,0.0,0.0
-0.37812186031372547,-0.8585881826540074,-1.2,0.0,0.0,0.0
-0.368266171796595,-0.86531469790739,-1.2,0.0,0.0,0.0
-0.35824840979017547,-0.8723726107943413,-1.2,0.0,0.0,0.0
-0.34807298309920537,-0.879754932733008,-1.2,0.0,0.0,0.0
-0.337744369916457,-0.8874543539192086,-1.2,0.0,0.0,0.0
-0.32726711585188917,-0.895463250564432,-1.2,0.0,0.0,0.0
-0.3166458319321302,-0.9037736924447362,-1.2,0.0,0.0,0.0
-0.30588519257117025,-0.9123774507530721,-1.2,0.0,0.0,0.0
-0.29498993351315805,-0.921266006247258,-1.2,0.0,0.0,0.0
-0.28396484974820524,-0.9304305576855358,-1.2,0.0,0.0,0.0
-0.27281479340211734,-0.9398620305413568,-1.2,0.0,0.0,0.0
-0.2615446716009793,-0.949551085988767,-1.2,0.0,0.0,0.0
-0.2501594443115344,-0.9594881301494975,-1.2,0.0,0.0,0.0
-0.23866412215831148,-0.9696633235925993,-1.2,0.0,0.0,0.0
-0.22706376421845192,-0.9800665910772205,-1.2,0.0,0.0,0.0
-0.21536347579521822,-0.9906876315288765,-1.2,0.0,0.0,0.0
-0.2035684061711556,-1.001515928239335,-1.2,0.0,0.0,0.0
-0.19168374634189916,-1.0125407592800175,-1.2,0.0,0.0,0.0
-0.17971472673162328,-1.0237512081186035,-1.2,0.0,0.0,0.0
-0.16766661489113815,-1.0351361744283292,-1.2,0.0,0.0,0.0
-0.15554471317964716,-1.0466843850792729,-1.2,0.0,0.0,0.0
-0.14335435643118516,-1.058384405300748,-1.2,0.0,0.0,0.0
-0.13110090960676468,-1.0702246500037473,-1.2,0.0,0.0,0.0
-0.11878976543326301,-1.0821933952522302,-1.2,0.0,0.0,0.0
-0.10642634203008984,-1.0942787898718929,-1.2,0.0,0.0,0.0
-0.09401608052467954,-1.1064688671849254,-1.2,0.0,0.0,0.0
-0.08156444265785763,-1.1187515568591406,-1.2,0.0,0.0,0.0
-0.06907690838013493,-1.1311146968597368,-1.2,0.0,0.0,0.0
-0.056558973439990126,-1.1435460454918602,-1.2,0.0,0.0,0.0
-0.04401614696519441,-1.156033293522053,-1.2,0.0,0.0,0.0
-0.03145394903825335,-1.1685640763665668,-1.2,0.0,0.0,0.0
-0.018877908267024738,-1.1811259863344887,-1.2,0.0,0.0,0.0
-0.006293559351585141,-1.1937065849135495,-1.2,0.0,0.0,0.0
0.006293559351584847,-1.20629341508645,-1.2,0.0,0.0,0.0
0.018877908267024446,-1.218874013665511,-1.2,0.0,0.0,0.0
0.031453949038253055,-1.231435923633433,-1.2,0.0,0.0,0.0
0.04401614696519412,-1.2439667064779467,-1.2,0.0,0.0,0.0
0.056558973439989835,-1.2564539545081395,-1.2,0.0,0.0,0.0
0.06907690838013464,-1.268885303140263,-1.2,0.0,0.0,0.0
0.08156444265785683,-1.2812484431408584,-1.2,0.0,0.0,0.0
0.09401608052467872,-1.2935311328150736,-1.2,0.0,0.0,0.0
0.10642634203008902,-1.3057212101281062,-1.2,0.0,0.0,0.0
0.11878976543326272,-1.3178066047477695,-1.2,0.0,0.0,0.0
0.13110090960676438,-1.3297753499962524,-1.2,0.0,0.0,0.0
0.14335435643118488,-1.3416155946992516,-1.2,0.0,0.0,0.0
0.15554471317964685,-1.3533156149207266,-1.2,0.0,0.0,0.0
0.16766661489113785,-1.3648638255716703,-1.2,0.0,0.0,0.0
0.17971472673162303,-1.376248791881396,-1.2,0.0,0.0,0.0
0.19168374634189891,-1.3874592407199822,-1.2,0.0,0.0,0.0
0.2035684061711553,-1.3984840717606646,-1.2,0.0,0.0,0.0
0.21536347579521797,-1.4093123684711233,-1.2,0.0,0.0,0.0
0.22706376421845167,-1.419933408922779,-1.2,0.0,0.0,0.0
0.2386641221583112,-1.4303366764074004,-1.2,0.0,0.0,0.0
0.25015944431153414,-1.4405118698505022,-1.2,0.0,0.0,0.0
0.2615446716009785,-1.4504489140112327,-1.2,0.0,0.0,0.0
0.2728147934021166,-1.460137969458643,-1.2,0.0,0.0,0.0
0.28396484974820446,-1.4695694423144638,-1.2,0.0,0.0,0.0
0.2949899335131578,-1.4787339937527417,-1.2,0.0,0.0,0.0
0.30588519257117,-1.4876225492469277,-1.2,0.0,0.0,0.0
0.3166458319321299,-1.4962263075552635,-1.2,0.0,0.0,0.0
0.3272671158518889,-1.5045367494355677,-1.2,0.0,0.0,0.0
0.33774436991645673,-1.5125456460807911,-1.2,0.0,0.0,0.0
0.34807298309920515,-1.5202450672669918,-1.2,0.0,0.0,0.0
0.3582484097901752,-1.5276273892056584,-1.2,0.0,0.0,0.0
0.3682661717965947,-1.5346853020926097,-1.2,0.0,0.0,0.0
0.3781218603137252,-1.5414118173459923,-1.2,0.0,0.0,0.0
0.38781113786517135,-1.547800274526214,-1.2,0.0,0.0,0.0
0.3973297402117994,-1.5538443479309554,-1.2,0.0,0.0,0.0
0.4066734782284232,-1.5595380528587344,-1.2,0.0,0.0,0.0
0.4158382397474331,-1.564875751534819,-1.2,0.0,0.0,0.0
0.42481999136855614,-1.5698521586936212,-1.2,0.0,0.0,0.0
0.4336147802339501,-1.5744623468120444,-1.2,0.0,0.0,0.0
0.44221873576785237,-1.5787017509886037,-1.2,0.0,0.0,0.0
0.4506280713800132,-1.582566173463483,-1.2,0.0,0.0,0.0
0.4588390861321725,-1.5860517877750626,-1.2,0.0,0.0,0.0
0.46684816636683635,-1.5891551425487909,-1.2,0.0,0.0,0.0
0.47465178729764357,-1.5918731649146562,-1.2,0.0,0.0,0.0
0.48224651456061984,-1.5942031635498717,-1.2,0.0,0.0,0.0
0.4896290057256374,-1.59614283134376,-1.2,0.0,0.0,0.0
0.4967960117674139,-1.5976902476822017,-1.2,0.0,0.0,0.0
0.5037443784954049,-1.5988438803493823,-1.2,0.0,0.0,0.0
0.5104710479419587,-1.5996025870449575,-1.2,0.0,0.0,0.0
0.5169730597081252,-1.5999656165151315,-1.2,0.0,0.0,0.0
0.5232475522665224,-1.599932609296532,-1.2,0.0,0.0,0.0
0.5292917642206925,-1.5995035980721428,-1.2,0.0,0.0,0.0
0.5351030355203876,-1.5986790076389403,-1.2,0.0,0.0,0.0
0.5406788086322561,-1.5974596544872708,-1.2,0.0,0.0,0.0
0.5460166296654091,-1.5958467459923806,-1.2,0.0,0.0,0.0
0.5511141494513743,-1.5938418792189004,-1.2,0.0,0.0,0.0
0.5559691245779632,-1.5914470393394688,-1.2,0.0,0.0,0.0
0.5605794183765938,-1.5886645976690612,-1.2,0.0,0.0,0.0
0.5649430018626352,-1.5854973093169678,-1.2,0.0,0.0,0.0
0.569057954628362,-1.5819483104587486,-1.2,0.0,0.0,0.0
0.5729224656881227,-1.5780211152308647,-1.2,0.0,0.0,0.0
0.5765348342753528,-1.5737196122510626,-1.2,0.0,0.0,0.0
0.5798934705910798,-1.5690480607679538,-1.2,0.0,0.0,0.0
0.5829968965035918,-1.5640110864436063,-1.2,0.0,0.0,0.0
0.5858437461989615,-1.5586136767733207,-1.2,0.0,0.0,0.0
0.5884327667821393,-1.5528611761471285,-1.2,0.0,0.0,0.0
0.5907628188283506,-1.5467592805579005,-1.2,0.0,0.0,0.0
0.5928328768845554,-1.5403140319613062,-1.2,0.0,0.0,0.0
0.5946420299207494,-1.5335318122932098,-1.2,0.0,0.0,0.0
0.5961894817309062,-1.5264193371504249,-1.2,0.0,0.0,0.0
0.5974745512833873,-1.518983649141087,-1.2,0.0,0.0,0.0
0.598496673020663,-1.5112321109112241,-1.2,0.0,0.0,0.0
0.5992553971082141,-1.5031723978544371,-1.2,0.0,0.0,0.0
0.5997503896325025,-1.4948124905119016,-1.2,0.0,0.0,0.0
0.5999814327479271,-1.4861606666702212,-1.2,0.0,0.0,0.0
0.5999484247726972,-1.4772254931649555,-1.2,0.0,0.0,0.0
0.5996513802335818,-1.4680158173979376,-1.2,0.0,0.0,0.0
0.5990904298595173,-1.4585407585767811,-1.2,0.0,0.0,0.0
0.5982658205240736,-1.448809698685253,-1.2,0.0,0.0,0.0
0.597177915136805,-1.4388322731934504,-1.2,0.0,0.0,0.0
0.5958271924835342,-1.4286183615169805,-1.2,0.0,0.0,0.0
0.5942142470156401,-1.4181780772345929,-1.2,0.0,0.0,0.0
0.592339788588439,-1.4075217580739474,-1.2,0.0,0.0,0.0
0.5902046421487799,-1.3966599556754382,-1.2,0.0,0.0,0.0
0.5878097473719844,-1.3856034251441993,-1.2,0.0,0.0,0.0
0.5851561582482987,-1.3743631144006523,-1.2,0.0,0.0,0.0
0.5822450426190325,-1.3629501533401278,-1.2,0.0,0.0,0.0
0.5790776816625939,-1.351375842812301,-1.2,0.0,0.0,0.0
0.5756554693306445,-1.3396516434313523,-1.2,0.0,0.0,0.0
0.5719799117346225,-1.3277891642279325,-1.2,0.0,0.0,0.0
0.5680526264829058,-1.3158001511541693,-1.2,0.0,0.0,0.0
0.5638753419689033,-1.3036964754530977,-1.2,0.0,0.0,0.0
0.5594498966103923,-1.2914901219040311,-1.2,0.0,0.0,0.0
0.5547782380404324,-1.2791931769555083,-1.2,0.0,0.0,0.0
0.5498624222502145,-1.2668178167575745,-1.2,0.0,0.0,0.0
0.5447046126842223,-1.2543762951052382,-1.2,0.0,0.0,0.0
0.5393070792881023,-1.2418809313050467,-1.2,0.0,0.0,0.0
0.5336721975096638,-1.2293440979767962,-1.2,0.0,0.0,0.0
0.5278024472534475,-1.2167782088024484,-1.2,0.0,0.0,0.0
0.521700411789322,-1.2041957062343902,-1.2,0.0,0.0,0.0
0.5153687766155904,-1.191609049175207,-1.2,0.0,0.0,0.0
0.5088103282771056,-1.1790307006411647,-1.2,0.0,0.0,0.0
0.5020279531389152,-1.1664731154216201,-1.2,0.0,0.0,0.0
0.49502463611597647,-1.153948727746577,-1.2,0.0,0.0,0.0
0.48780345935949776,-1.1414699389745995,-1.2,0.0,0.0,0.0
0.4803676009004886,-1.129049105313274,-1.2,0.0,0.0,0.0
0.4727203332511115,-1.1166985255843793,-1.2,0.0,0.0,0.0
0.46486502196445345,-1.1044304290458764,-1.2,0.0,0.0,0.0
0.4568051241533518,-1.0922569632827843,-1.2,0.0,0.0,0.0
0.4485441869689201,-1.0801901821789177,-1.2,0.0,0.0,0.0
0.4400858460394533,-1.068242033981414,-1.2,0.0,0.0,0.0
0.43143382387039175,-1.0564243494698544,-1.2,0.0,0.0,0.0
0.42259192820605135,-1.0447488302417005,-1.2,0.0,0.0,0.0
0.4135640503538396,-1.0332270371256436,-1.2,0.0,0.0,0.0
0.4043541634716961,-1.021870378734339,-1.2,0.0,0.0,0.0
0.3949663208195107,-1.0106901001678634,-1.2,0.0,0.0,0.0
0.38540465397528895,-0.999697271879076,-1.2,0.0,0.0,0.0
0.3756733710168492,-0.9889027787119135,-1.2,0.0,0.0,0.0
0.3657767546698536,-0.9783173091234689,-1.2,0.0,0.0,0.0
0.3557191604229847,-0.9679513446005299,-1.2,0.0,0.0,0.0
0.345505014611101,-0.9578151492810525,-1.2,0.0,0.0,0.0
0.3351388124672124,-0.9479187597908498,-1.2,0.0,0.0,0.0
0.32462511614413336,-0.9382719753055577,-1.2,0.0,0.0,0.0
0.3139685527066851,-0.9288843478477179,-1.2,0.0,0.0,0.0
0.30317381209533045,-0.9197651728285865,-1.2,0.0,0.0,0.0
0.29224564506213624,-0.9109234798440332,-1.2,0.0,0.0,0.0
0.2811888610799736,-0.9023680237336447,-1.2,0.0,0.0,0.0
0.2700083262258747,-0.8941072759118852,-1.2,0.0,0.0,0.0
0.2587089610394782,-0.8861494159798979,-1.2,0.0,0.0,0.0
0.24729573835750607,-0.8785023236262537,-1.2,0.0,0.0,0.0
0.2357736811252238,-0.8711735708246657,-1.2,0.0,0.0,0.0
0.22414786018584865,-0.864170414336397,-1.2,0.0,0.0,0.0
0.21242339204887792,-0.8574997885247828,-1.2,0.0,0.0,0.0
0.20060543663831912,-0.8511682984889852,-1.2,0.0,0.0,0.0
0.1886991950218139,-0.8451822135237765,-1.2,0.0,0.0,0.0
0.17670990712165457,-0.8395474609118294,-1.2,0.0,0.0,0.0
0.16464284940870078,-0.834269620054658,-1.2,0.0,0.0,0.0
0.15250333258021007,-0.8293539169480244,-1.2,0.0,0.0,0.0
0.14029669922261076,-0.8248052190072794,-1.2,0.0,0.0,0.0
0.12802832146022994,-0.8206280302477587,-1.2,0.0,0.0,0.0
0.11570359859103233,-0.8168264868250124,-1.2,0.0,0.0,0.0
0.1033279547103949,-0.81340435293928,-1.2,0.0,0.0,0.0
0.09090683632396913,-0.8103650171082658,-1.2,0.0,0.0,0.0
0.07844570995068055,-0.807711488811907,-1.2,0.0,0.0,0.0
0.0659500597169205,-0.8054463955124573,-1.2,0.0,0.0,0.0
0.05342538494298886,-0.8035719800528336,-1.2,0.0,0.0,0.0
0.04087719772284997,-0.8020900984358057,-1.2,0.0,0.0,0.0
0.028311020498266788,-0.8010022179862246,-1.2,0.0,0.0,0.0
0.015732383628381124,-0.8003094158981123,-1.2,0.0,0.0,0.0
0.003146822955809358,-0.8000123781680485,-1.2,0.0,0.0,0.0
-0.009440122629675087,-0.800111398915913,-1.2,0.0,0.0,0.0
-0.02202291362880031,-0.8006063800936549,-1.2,0.0,0.0,0.0
-0.03459601237072276,-0.8014968315823778,-1.2,0.0,0.0,0.0
-0.047153885450149376,-0.8027818716776437,-1.2,0.0,0.0,0.0
-0.05969100616258241,-0.8044602279625164,-1.2,0.0,0.0,0.0
-0.07220185693661532,-0.80653023856748,-1.2,0.0,0.0,0.0
-0.08468093176220916,-0.8089898538159821,-1.2,0.0,0.0,0.0
-0.09712273861388075,-0.8118366382539781,-1.2,0.0,0.0,0.0
-0.1095218018677365,-0.8150677730614593,-1.2,0.0,0.0,0.0
-0.12187266471128753,-0.8186800588435846,-1.2,0.0,0.0,0.0
-0.13416989154498637,-0.8226699187986467,-1.2,0.0,0.0,0.0
-0.1464080703744275,-0.8270334022597381,-1.2,0.0,0.0,0.0
-0.15858181519215933,-0.8317661886066101,-1.2,0.0,0.0,0.0
-0.17068576834805974,-0.8368635915438514,-1.2,0.0,0.0,0.0
-0.18271460290723102,-0.8423205637411482,-1.2,0.0,0.0,0.0
-0.1946630249943776,-0.8481317018310346,-1.2,0.0,0.0,0.0
-0.20652577612363385,-0.8542912517591817,-1.2,0.0,0.0,0.0
-0.21829763551281847,-0.8607931144819299,-1.2,0.0,0.0,0.0
-0.22997342238109006,-0.8676308520054168,-1.2,0.0,0.0,0.0
-0.2415479982290086,-0.8747976937603351,-1.2,0.0,0.0,0.0
-0.25301626909997854,-0.8822865433059899,-1.2,0.0,0.0,0.0
-0.2643731878220941,-0.890089985357031,-1.2,0.0,0.0,0.0
-0.27561375622939316,-0.8982002931258961,-1.2,0.0,0.0,0.0
-0.28673302736154405,-0.9066094359736976,-1.2,0.0,0.0,0.0
-0.2977261076409968,-0.9153090873619751,-1.2,0.0,0.0,0.0
-0.30858815902664044,-0.9242906330974401,-1.2,0.0,0.0,0.0
-0.31931440114301896,-0.9335451798615517,-1.2,0.0,0.0,0.0
-0.3299001133841688,-0.943063564016474,-1.2,0.0,0.0,0.0
-0.34034063699115175,-0.9528363606786979,-1.2,0.0,0.0,0.0
-0.3506313771023688,-0.9628538930513434,-1.2,0.0,0.0,0.0
-0.36076780477575326,-0.9731062420058985,-1.2,0.0,0.0,0.0
-0.37074545898195255,-0.9835832559039109,-1.2,0.0,0.0,0.0
-0.3805599485676216,-0.9942745606489061,-1.2,0.0,0.0,0.0
-0.3902069541879644,-1.0051695699585756,-1.2,0.0,0.0,0.0
-0.39968223020767196,-1.016257495847071,-1.2,0.0,0.0,0.0
-0.40898160656942123,-1.0275273593070144,-1.2,0.0,0.0,0.0
-0.4181009906291126,-1.0389680011806606,-1.2,0.0,0.0,0.0
-0.42703636895703684,-1.0505680932094341,-1.2,0.0,0.0,0.0
-0.4357838091041813,-1.0623161492509097,-1.2,0.0,0.0,0.0
-0.4443394613328953,-1.074200536652124,-1.2,0.0,0.0,0.0
-0.45269956031115544,-1.0862094877679591,-1.2,0.0,0.0,0.0
-0.4608604267696831,-1.0983311116131924,-1.2,0.0,0.0,0.0
-0.46881846912118663,-1.1105534056366746,-1.2,0.0,0.0,0.0
-0.4765701850410146,-1.1228642676059777,-1.2,0.0,0.0,0.0
-0.4841121630085242,-1.135251507590745,-1.2,0.0,0.0,0.0
-0.4914410838084876,-1.1477028600328787,-1.2,0.0,0.0,0.0
-0.4985537219918743,-1.1602059958916107,-1.2,0.0,0.0,0.0
-0.5054469472953681,-1.172748534851434,-1.2,0.0,0.0,0.0
-0.5121177260189892,-1.1853180575808,-1.2,0.0,0.0,0.0
-0.5185631223612264,-1.197902118029461,-1.2,0.0,0.0,0.0
-0.5247802997110763,-1.2104882557522543,-1.2,0.0,0.0,0.0
-0.5307665218964337,-1.2230640082471491,-1.2,0.0,0.0,0.0
-0.5365191543882769,-1.2356169232953262,-1.2,0.0,0.0,0.0
-0.5420356654601214,-1.2481345712910774,-1.2,0.0,0.0,0.0
-0.5473136273022289,-1.260604557549313,-1.2,0.0,0.0,0.0
-0.552350717090084,-1.2730145345784916,-1.2,0.0,0.0,0.0
-0.5571447180066659,-1.2853522143068203,-1.2,0.0,0.0,0.0
-0.5616935202180673,-1.2976053802496188,-1.2,0.0,0.0,0.0
-0.5659951218020293,-1.3097618996058,-1.2,0.0,0.0,0.0
-0.5700476296289853,-1.321809735271488,-1.2,0.0,0.0,0.0
-0.5738492601952245,-1.333736957758879,-1.2,0.0,0.0,0.0
-0.5773983404078106,-1.3455317570085454,-1.2,0.0,0.0,0.0
-0.5806933083209065,-1.3571824540834823,-1.2,0.0,0.0,0.0
-0.5837327138231863,-1.3686775127333188,-1.2,0.0,0.0,0.0
-0.5865152192760263,-1.3800055508172493,-1.2,0.0,0.0,0.0
-0.589039600102199,-1.3911553515743627,-1.2,0.0,0.0,0.0
-0.5913047453248075,-1.40211587473022,-1.2,0.0,0.0,0.0
-0.5933096580562249,-1.4128762674286792,-1.2,0.0,0.0,0.0
-0.5950534559368241,-1.4234258749781412,-1.2,0.0,0.0,0.0
-0.5965353715233025,-1.433754251401579,-1.2,0.0,0.0,0.0
-0.5977547526264329,-1.4438511697799021,-1.2,0.0,0.0,0.0
-0.5987110625980916,-1.4537066323784142,-1.2,0.0,0.0,0.0
-0.5994038805674361,-1.4633108805463402,-1.2,0.0,0.0,0.0
-0.5998329016261303,-1.4726544043796141,-1.2,0.0,0.0,0.0
-0.5999979369625339,-1.4817279521373674,-1.2,0.0,0.0,0.0
-0.5998989139447981,-1.4905225394027874,-1.2,0.0,0.0,0.0
-0.5995358761528315,-1.4990294579792798,-1.2,0.0,0.0,0.0
-0.5989089833591198,-1.5072402845131219,-1.2,0.0,0.0,0.0
-0.5980185114584102,-1.5151468888340744,-1.2,0.0,0.0,0.0
-0.5968648523462915,-1.5227414420056828,-1.2,0.0,0.0,0.0
-0.5954485137467198,-1.5300164240773177,-1.2,0.0,0.0,0.0
-0.593770118988571,-1.536964631530245,-1.2,0.0,0.0,0.0
-0.5918304067313139,-1.5435791844103937,-1.2,0.0,0.0,0.0
-0.5896302306399275,-1.549853533140717,-1.2,0.0,0.0,0.0
-0.5871705590092033,-1.5557814650064428,-1.2,0.0,0.0,0.0
-0.5844524743376013,-1.5613571103067472,-1.2,0.0,0.0,0.0
-0.5814771728508424,-1.5665749481668099,-1.2,0.0,0.0,0.0
-0.5782459639754517,-1.5714298120044436,-1.2,0.0,0.0,0.0
-0.5747602697624814,-1.5759168946459357,-1.2,0.0,0.0,0.0
-0.5710216242616676,-1.58003175308599,-1.2,0.0,0.0,0.0
-0.5670316728462972,-1.5837703128870964,-1.2,0.0,0.0,0.0
-0.562792171489081,-1.5871288722139374,-1.2,0.0,0.0,0.0
-0.5583049859893522,-1.5901041054988658,-1.2,0.0,0.0,0.0
-0.5535720911519306,-1.5926930667347992,-1.2,0.0,0.0,0.0
-0.5485955699180135,-1.5948931923922927,-1.2,0.0,0.0,0.0
-0.5433776124484754,-1.5967023039578827,-1.2,0.0,0.0,0.0
-0.5379205151599811,-1.5981186100912033,-1.2,0.0,0.0,0.0
-0.5322266797143358,-1.5991407083987277,-1.2,0.0,0.0,0.0
-0.5262986119615167,-1.599767586822388,-1.2,0.0,0.0,0.0
-0.5201389208368508,-1.5999986246416893,-1.2,0.0,0.0,0.0
-0.5137503172128266,-1.599833593088335,-1.2,0.0,0.0,0.0
-0.5071356127060418,-1.5992726555727466,-1.2,0.0,0.0,0.0
-0.5002977184398147,-1.5983163675222583,-1.2,0.0,0.0,0.0
-0.4932396437630022,-1.5969656758311468,-1.2,0.0,0.0,0.0
-0.4859644949255891,-1.5952219179230371,-1.2,0.0,0.0,0.0
-0.4784754737116311,-1.5930868204266186,-1.2,0.0,0.0,0.0
-0.4707758760301541,-1.5905624974659744,-1.2,0.0,0.0,0.0
-0.46286909046462815,-1.5876514485672286,-1.2,0.0,0.0,0.0
-0.45475859678165564,-1.5843565561835686,-1.2,0.0,0.0,0.0
-0.4464479643995331,-1.5806810828411118,-1.2,0.0,0.0,0.0
-0.43794085081735024,-1.5766286679084236,-1.2,0.0,0.0,0.0
-0.42924100000533183,-1.5722033239929014,-1.2,0.0,0.0,0.0
-0.4203522407571206,-1.567409432967583,-1.2,0.0,0.0,0.0
-0.41127848500472974,-1.562251741632317,-1.2,0.0,0.0,0.0
-0.40202372609690634,-1.556735357013592,-1.2,0.0,0.0,0.0
-0.3925920370416637,-1.5508657413076778,-1.2,0.0,0.0,0.0
-0.38298756871375517,-1.544648706472084,-1.2,0.0,0.0,0.0
-0.3732145480278797,-1.5380904084706946,-1.2,0.0,0.0,0.0
-0.3632772760784216,-1.5311973411782764,-1.2,0.0,0.0,0.0
-0.35318012624654427,-1.5239763299503928,-1.2,0.0,0.0,0.0
-0.3429275422754706,-1.5164345248650961,-1.2,0.0,0.0,0.0
-0.332524036314797,-1.5085793936430856,-1.2,0.0,0.0,0.0
-0.32197418693470176,-1.5004187142533425,-1.2,0.0,0.0,0.0
-0.3112826371109222,-1.4919605672115672,-1.2,0.0,0.0,0.0
-0.3004540921813864,-1.4832133275790382,-1.2,0.0,0.0,0.0
-0.2894933177754004,-1.4741856566698204,-1.2,0.0,0.0,0.0
-0.2784051377162999,-1.4648864934745338,-1.2,0.0,0.0,0.0
-0.2671944318984918,-1.4553250458091707,-1.2,0.0,0.0,0.0
-0.25586613413981896,-1.4455107811977306,-1.2,0.0,0.0,0.0
-0.24442523001019267,-1.4354534174976967,-1.2,0.0,0.0,0.0
-0.23287675463744953,-1.4251629132776387,-1.2,0.0,0.0,0.0
-0.22122579049139798,-1.4146494579564686,-1.2,0.0,0.0,0.0
-0.2094774651470296,-1.4039234617141143,-1.2,0.0,0.0,0.0
-0.19763694902787957,-1.392995545183601,-1.2,0.0,0.0,0.0
-0.18570945313052958,-1.3818765289347457,-1.2,0.0,0.0,0.0
-0.17370022673125493,-1.37057742275988,-1.2,0.0,0.0,0.0
-0.1616145550758241,-1.3591094147722087,-1.2,0.0,0.0,0.0
-0.14945775705346886,-1.3474838603275994,-1.2,0.0,0.0,0.0
-0.1372351828560466,-1.3357122707807703,-1.2,0.0,0.0,0.0
-0.12495221162343155,-1.3238063020870192,-1.2,0.0,0.0,0.0
-0.11261424907615568,-1.3117777432607585,-1.2,0.0,0.0,0.0
-0.100226725136362,-1.299638504702312,-1.2,0.0,0.0,0.0
-0.0877950915381014,-1.2874006064045096,-1.2,0.0,0.0,0.0
-0.07532481942803122,-1.2750761660507706,-1.2,0.0,0.0,0.0
-0.06282139695757032,-1.2626773870164527,-1.2,0.0,0.0,0.0
-0.05029032686757037,-1.2502165462853543,-1.2,0.0,0.0,0.0
-0.03773712406656645,-1.237705982293327,-1.2,0.0,0.0,0.0
-0.0251673132036725,-1.2251580827110444,-1.2,0.0,0.0,0.0
-0.012586426237190073,-1.2125852721780166,-1.2,0.0,0.0,0.0
-2.9391523179536476e-16,-1.2000000000000002,-1.2,0.0,0.0,0.0
